"path", "name", "size", "date"
"/var/www/html/Remoter", "images", 4096, 07/12/2017
"/var/www/html/Remoter/images", "zollhof", 4096, 03/11/2017
"/var/www/html/Remoter/images/zollhof", "20171026_Eröffnung-Zollhof_Zollhof9755-705x470.jpg", 113136, 03/11/2017
"/var/www/html/Remoter/images/zollhof", "20171026_Eröffnung-Zollhof_Zollhof9736-705x470.jpg", 153752, 03/11/2017
"/var/www/html/Remoter/images/zollhof", "20171026_Eröffnung-Zollhof_Zollhof0352-705x470.jpg", 93964, 03/11/2017
"/var/www/html/Remoter/images/zollhof", "20171026_Eröffnung-Zollhof_Zollhof9605-705x470.jpg", 70647, 03/11/2017
"/var/www/html/Remoter/images/zollhof", "20171026_Eröffnung-Zollhof_Zollhof0296-705x470.jpg", 89331, 03/11/2017
"/var/www/html/Remoter/images/zollhof", "20171026_Eröffnung-Zollhof_Zollhof0005-705x470.jpg", 110274, 03/11/2017
"/var/www/html/Remoter/images/zollhof", "20171026_Eröffnung-Zollhof_Zollhof0506-705x470.jpg", 95004, 03/11/2017
"/var/www/html/Remoter/images/zollhof", "20171026_Eröffnung-Zollhof_Zollhof0638-705x470.jpg", 71281, 03/11/2017
"/var/www/html/Remoter/images/zollhof", "20171026_Eröffnung-Zollhof_Zollhof0799-705x470.jpg", 90624, 03/11/2017
"/var/www/html/Remoter/images/zollhof", "20171026_Eröffnung-Zollhof_Zollhof0324-705x470.jpg", 79467, 03/11/2017
"/var/www/html/Remoter/images", "abstraction_geometry_shapes_colors_93400_2560x1440 Kopie 10.jpg", 1626164, 11/05/2017
"/var/www/html/Remoter/images", "VBLspezial Wissenschaftler West.pdf", 1554313, 29/08/2017
"/var/www/html/Remoter/images", "super", 4096, 02/11/2017
"/var/www/html/Remoter/images/super", "16_CTZN_StadtplanNbg_de_low.pdf", 3677690, 06/09/2017
"/var/www/html/Remoter/images/super", "R1slB2E-wallpaper-png.jpg", 316190, 18/08/2017
"/var/www/html/Remoter/images/super", "sommer", 4096, 12/09/2017
"/var/www/html/Remoter/images/super/sommer", "Bildschirmfoto 2017-08-09 um 15.19.51.png", 147767, 12/09/2017
"/var/www/html/Remoter/images/super/sommer", "Bildschirmfoto 2017-08-09 um 15.13.00.png", 7470, 12/09/2017
"/var/www/html/Remoter/images/super/sommer", "Bildschirmfoto 2017-07-13 um 09.14.07.png", 62374, 12/09/2017
"/var/www/html/Remoter/images/super", "IyG7wCH-wallpaper-png.jpg", 185980, 18/08/2017
"/var/www/html/Remoter/images", "gcCbdH1-png-wallpaper.jpg", 163314, 18/08/2017
"/var/www/html/Remoter/images", "ry2f3fk-wallpaper-png.jpg", 55376, 18/08/2017
"/var/www/html/Remoter/images", "butterfly_abstract_colorful_patterns_97225_2560x1440.jpg", 646128, 25/10/2017
"/var/www/html/Remoter/images", "Integrated_Life_Sciences", 4096, 25/10/2017
"/var/www/html/Remoter/images/Integrated_Life_Sciences", "Z_IyG7wCH-wallpaper-png.jpg", 185980, 09/08/2017
"/var/www/html/Remoter/images/Integrated_Life_Sciences", "Z_abstraction_geometry_shapes_colors_93400_2560x1440 Kopie 10.jpg", 1626164, 11/05/2017
"/var/www/html/Remoter/images/Integrated_Life_Sciences", "Z_HD-Wallpapers1_FOSmVKg_LCesilj.jpeg", 180010, 07/08/2017
"/var/www/html/Remoter/images", "gallery", 4096, 18/09/2017
"/var/www/html/Remoter/images/gallery", "abstraction_geometry_shapes_colors_93400_2560x1440 Kopie 6.jpg", 1626164, 18/09/2017
"/var/www/html/Remoter/images/gallery", "abstraction_geometry_shapes_colors_93400_2560x1440.jpg", 1626164, 18/09/2017
"/var/www/html/Remoter/images/gallery", "abstraction_geometry_shapes_colors_93400_2560x1440 Kopie 10.jpg", 1626164, 18/09/2017
"/var/www/html/Remoter/images/gallery", "abstraction_geometry_shapes_colors_93400_2560x1440 Kopie 4.jpg", 1626164, 18/09/2017
"/var/www/html/Remoter/images/gallery", "abstraction_geometry_shapes_colors_93400_2560x1440 Kopie 5.jpg", 1626164, 18/09/2017
"/var/www/html/Remoter/images/gallery", "abstraction_geometry_shapes_colors_93400_2560x1440 Kopie 7.jpg", 1626164, 18/09/2017
"/var/www/html/Remoter/images/gallery", "abstraction_geometry_shapes_colors_93400_2560x1440 Kopie 9.jpg", 1626164, 18/09/2017
"/var/www/html/Remoter/images/gallery", "abstraction_geometry_shapes_colors_93400_2560x1440 Kopie 3.jpg", 1626164, 18/09/2017
"/var/www/html/Remoter/images/gallery", "abstraction_geometry_shapes_colors_93400_2560x1440 Kopie 2.jpg", 1626164, 18/09/2017
"/var/www/html/Remoter/images/gallery", "abstraction_geometry_shapes_colors_93400_2560x1440 Kopie 8.jpg", 1626164, 18/09/2017
"/var/www/html/Remoter/images/gallery", "abstraction_geometry_shapes_colors_93400_2560x1440 Kopie.jpg", 1626164, 18/09/2017
"/var/www/html/Remoter/images", "switzerland_alps_mountains_night_beautiful_landscape_99817_2560x1440.jpg", 1431756, 15/09/2017
"/var/www/html/Remoter/images", "Äutterfly_abstract_colorful_patterns_97225_2560x1440.jpg", 646128, 25/10/2017
"/var/www/html/Remoter/images", "files.txt", 5453, 06/12/2017
"/var/www/html/Remoter/images", "Arbeitssicherheit", 4096, 22/09/2017
"/var/www/html/Remoter/images/Arbeitssicherheit", "HB-Wallpapers1_FOSmVKg_LCesilj.jpeg", 180010, 22/09/2017
"/var/www/html/Remoter/images/Arbeitssicherheit", "HD-Wallpapers1_FOSmVKg_LCesilj.jpeg", 180010, 22/09/2017
"/var/www/html/Remoter/images/Arbeitssicherheit", "Abstraction_geometry_shapes_colors_93400_2560x1440 Kopie 10.jpg", 1626164, 22/09/2017
"/var/www/html/Remoter/images/Arbeitssicherheit", "IyG7wCH-wallpaper-png.jpg", 185980, 22/09/2017
"/var/www/html/Remoter/images/Arbeitssicherheit", "AxkjGZO-wallpaper-png.png", 931184, 22/09/2017
"/var/www/html/Remoter/images", "Abstraction_geometry_shapes_colors_93400_2560x1440.jpg", 1626164, 17/08/2017
"/var/www/html/Remoter/images", "HD-Wallpapers1_FOSmVKg_LCesilj.jpeg", 180010, 17/08/2017
"/var/www/html/Remoter/images", "fa97Re9-wallpaper-png.jpg", 284591, 18/08/2017
"/var/www/html/Remoter/images", "Bildschirmfoto 2017-05-04 um 13.25.57.png", 90109, 30/08/2017
"/var/www/html/Remoter/images", "bilder", 4096, 12/09/2017
"/var/www/html/Remoter/images/bilder", "Bild_8.png", 99256, 12/09/2017
"/var/www/html/Remoter/images/bilder", "Bild_7.png", 70015, 12/09/2017
"/var/www/html/Remoter/images/bilder", "Bild_5.png", 45311, 12/09/2017
"/var/www/html/Remoter/images/bilder", "Bild_4.png", 7573, 12/09/2017
"/var/www/html/Remoter/images/bilder", "Bild_6.png", 51192, 12/09/2017
"/var/www/html/Remoter/images", "videostill-imagefilm.jpg", 51686, 18/08/2017
